test_BLEU_1,test_BLEU_2,test_BLEU_3,test_BLEU_4,test_METEOR,test_ROUGE_L
0.6722940679756062,0.6389006523224067,0.6108781093263868,0.5884949749113922,0.4362010373584973,0.7212945844484526
