test_BLEU_1,test_BLEU_2,test_BLEU_3,test_BLEU_4,test_METEOR,test_ROUGE_L
0.6556416050638273,0.6212650802787163,0.5923814262023133,0.5696883202841593,0.4241533827435102,0.7113072008713385
