test_BLEU_1,test_BLEU_2,test_BLEU_3,test_BLEU_4,test_METEOR,test_ROUGE_L
0.7299899546023381,0.6943821060289671,0.6623410615967472,0.6357523243106569,0.45281390085406614,0.7531161903527298
