test_BLEU_1,test_BLEU_2,test_BLEU_3,test_BLEU_4,test_METEOR,test_ROUGE_L
0.7381078459630523,0.7028168711275294,0.6712810027071452,0.6447973368190756,0.4665699627398817,0.7569654537408468
