test_BLEU_1,test_BLEU_2,test_BLEU_3,test_BLEU_4,test_METEOR,test_ROUGE_L
0.7361544311910387,0.6980067882697052,0.6628111312614259,0.6329876278950032,0.45122424314682197,0.7457016278022948
