test_BLEU_1,test_BLEU_2,test_BLEU_3,test_BLEU_4,test_METEOR,test_ROUGE_L
0.7777918944068166,0.7403871121388822,0.7045911024182749,0.674534060865022,0.4921551355157369,0.7854348363783906
