test_BLEU_1,test_BLEU_2,test_BLEU_3,test_BLEU_4,test_METEOR,test_ROUGE_L
0.7439387464837334,0.7041020989392218,0.665896707084495,0.6345084704238778,0.4644449018932457,0.7492203432914253
