test_BLEU_1,test_BLEU_2,test_BLEU_3,test_BLEU_4,test_METEOR,test_ROUGE_L
0.6140704092359193,0.5759624943653039,0.5468679821458533,0.5239199034811195,0.39746612356805183,0.6821220748315953
