test_BLEU_1,test_BLEU_2,test_BLEU_3,test_BLEU_4,test_METEOR,test_ROUGE_L
0.7335624707626968,0.6995742640234526,0.6687304676772906,0.6438152519393545,0.4675555748000179,0.7566420489423353
