test_BLEU_1,test_BLEU_2,test_BLEU_3,test_BLEU_4,test_METEOR,test_ROUGE_L
0.7430752260296368,0.7077290336229405,0.6744138136477534,0.6464676885609806,0.47171060034568685,0.7660361644192036
